[{"Id":"RPT001","CurrentAge":20,"RetirementAge":50,"CurrentSavings":10000,"TargetSavings":1000000,"MonthlyContribution":5000,"CreatedAt":"2025-04-28T06:38:06.1374873Z"},{"Id":"RPT002","CurrentAge":30,"RetirementAge":60,"CurrentSavings":14500,"TargetSavings":200000,"MonthlyContribution":500,"CreatedAt":"2025-04-28T06:40:42.7087936Z"},{"Id":"RPT003","CurrentAge":30,"RetirementAge":35,"CurrentSavings":28232,"TargetSavings":503552,"MonthlyContribution":3013,"CreatedAt":"2025-04-29T05:17:55.8867779Z"},{"Id":"RPT004","CurrentAge":30,"RetirementAge":35,"CurrentSavings":28232,"TargetSavings":503552,"MonthlyContribution":3013,"CreatedAt":"2025-04-29T05:18:00.8668781Z"},{"Id":"RPT005","CurrentAge":20,"RetirementAge":60,"CurrentSavings":1900,"TargetSavings":0,"MonthlyContribution":0,"CreatedAt":"2025-04-29T05:30:51.5785342Z"},{"Id":"RPT006","CurrentAge":20,"RetirementAge":60,"CurrentSavings":45740,"TargetSavings":10000,"MonthlyContribution":7601,"CreatedAt":"2025-04-29T05:31:14.1298597Z"},{"Id":"RPT007","CurrentAge":20,"RetirementAge":39,"CurrentSavings":63636,"TargetSavings":555556,"MonthlyContribution":7601,"CreatedAt":"2025-04-29T05:32:40.2292368Z"},{"Id":"RPT008","CurrentAge":18,"RetirementAge":32,"CurrentSavings":40447,"TargetSavings":598562,"MonthlyContribution":3950,"CreatedAt":"2025-04-29T05:44:46.229347Z"},{"Id":"RPT009","CurrentAge":50,"RetirementAge":60,"CurrentSavings":40447,"TargetSavings":598562,"MonthlyContribution":3950,"CreatedAt":"2025-04-29T05:48:36.7293902Z"},{"Id":"RPT010","CurrentAge":21,"RetirementAge":35,"CurrentSavings":27146,"TargetSavings":128942,"MonthlyContribution":2117,"CreatedAt":"2025-04-29T05:51:35.8625356Z"},{"Id":"RPT011","CurrentAge":22,"RetirementAge":26,"CurrentSavings":19545,"TargetSavings":241597,"MonthlyContribution":2389,"CreatedAt":"2025-04-29T05:59:50.0969201Z"},{"Id":"RPT012","CurrentAge":22,"RetirementAge":26,"CurrentSavings":19545,"TargetSavings":445189,"MonthlyContribution":2389,"CreatedAt":"2025-04-29T05:59:59.8007979Z"},{"Id":"RPT013","CurrentAge":39,"RetirementAge":41,"CurrentSavings":49812,"TargetSavings":518482,"MonthlyContribution":4832,"CreatedAt":"2025-04-29T06:34:27.6488967Z"},{"Id":"RPT014","CurrentAge":22,"RetirementAge":34,"CurrentSavings":46826,"TargetSavings":466906,"MonthlyContribution":3651,"CreatedAt":"2025-04-29T06:36:20.4456355Z"},{"Id":"RPT015","CurrentAge":22,"RetirementAge":34,"CurrentSavings":46826,"TargetSavings":466906,"MonthlyContribution":3651,"CreatedAt":"2025-04-29T06:38:02.0280148Z"},{"Id":"RPT016","CurrentAge":35,"RetirementAge":40,"CurrentSavings":50219,"TargetSavings":540199,"MonthlyContribution":4981,"CreatedAt":"2025-04-29T06:39:37.9404297Z"},{"Id":"RPT017","CurrentAge":25,"RetirementAge":60,"CurrentSavings":0,"TargetSavings":10000,"MonthlyContribution":8,"CreatedAt":"2025-04-29T06:44:24.5353728Z"},{"Id":"RPT018","CurrentAge":44,"RetirementAge":45,"CurrentSavings":58635,"TargetSavings":663712,"MonthlyContribution":6148,"CreatedAt":"2025-04-29T07:20:47.2411924Z"},{"Id":"RPT019","CurrentAge":35,"RetirementAge":38,"CurrentSavings":39768,"TargetSavings":447904,"MonthlyContribution":4791,"CreatedAt":"2025-04-29T07:23:46.8677797Z"},{"Id":"RPT020","CurrentAge":35,"RetirementAge":38,"CurrentSavings":39768,"TargetSavings":447904,"MonthlyContribution":4791,"CreatedAt":"2025-04-29T07:24:06.9537906Z"},{"Id":"RPT021","CurrentAge":41,"RetirementAge":50,"CurrentSavings":48591,"TargetSavings":435688,"MonthlyContribution":4669,"CreatedAt":"2025-04-29T07:24:19.4332079Z"},{"Id":"RPT022","CurrentAge":37,"RetirementAge":60,"CurrentSavings":53748,"TargetSavings":532055,"MonthlyContribution":5497,"CreatedAt":"2025-04-29T07:35:12.1411521Z"},{"Id":"RPT023","CurrentAge":35,"RetirementAge":42,"CurrentSavings":50219,"TargetSavings":625708,"MonthlyContribution":5334,"CreatedAt":"2025-04-29T07:38:15.8843674Z"},{"Id":"RPT024","CurrentAge":18,"RetirementAge":30,"CurrentSavings":1000,"TargetSavings":10000,"MonthlyContribution":1000,"CreatedAt":"2025-04-29T07:38:44.9310601Z"},{"Id":"RPT025","CurrentAge":18,"RetirementAge":30,"CurrentSavings":1000,"TargetSavings":10000,"MonthlyContribution":1000,"CreatedAt":"2025-04-29T07:38:47.9683908Z"},{"Id":"RPT026","CurrentAge":37,"RetirementAge":44,"CurrentSavings":43026,"TargetSavings":628422,"MonthlyContribution":7343,"CreatedAt":"2025-04-29T07:38:59.2254002Z"},{"Id":"RPT027","CurrentAge":38,"RetirementAge":39,"CurrentSavings":46962,"TargetSavings":517125,"MonthlyContribution":4737,"CreatedAt":"2025-04-29T07:44:35.0515929Z"},{"Id":"RPT028","CurrentAge":38,"RetirementAge":39,"CurrentSavings":46962,"TargetSavings":517125,"MonthlyContribution":4737,"CreatedAt":"2025-04-29T07:44:35.7909024Z"},{"Id":"RPT029","CurrentAge":38,"RetirementAge":39,"CurrentSavings":46962,"TargetSavings":517125,"MonthlyContribution":4737,"CreatedAt":"2025-04-29T07:44:35.9509785Z"},{"Id":"RPT030","CurrentAge":43,"RetirementAge":45,"CurrentSavings":59992,"TargetSavings":654211,"MonthlyContribution":6339,"CreatedAt":"2025-04-29T07:44:43.0249132Z"},{"Id":"RPT031","CurrentAge":36,"RetirementAge":45,"CurrentSavings":49677,"TargetSavings":658283,"MonthlyContribution":7234,"CreatedAt":"2025-04-29T07:45:12.683351Z"},{"Id":"RPT032","CurrentAge":22,"RetirementAge":60,"CurrentSavings":10000,"TargetSavings":100000,"MonthlyContribution":10000,"CreatedAt":"2025-04-29T07:46:32.8986922Z"},{"Id":"RPT033","CurrentAge":43,"RetirementAge":60,"CurrentSavings":67864,"TargetSavings":548343,"MonthlyContribution":5619,"CreatedAt":"2025-04-29T07:46:43.6239379Z"},{"Id":"RPT034","CurrentAge":22,"RetirementAge":60,"CurrentSavings":7058,"TargetSavings":837444,"MonthlyContribution":450,"CreatedAt":"2025-04-29T08:30:55.1136291Z"},{"Id":"RPT035","CurrentAge":22,"RetirementAge":60,"CurrentSavings":49405,"TargetSavings":878163,"MonthlyContribution":250,"CreatedAt":"2025-04-29T08:32:07.8650922Z"},{"Id":"RPT036","CurrentAge":22,"RetirementAge":37,"CurrentSavings":0,"TargetSavings":694929,"MonthlyContribution":4384,"CreatedAt":"2025-04-29T08:41:54.398111Z"},{"Id":"RPT037","CurrentAge":22,"RetirementAge":37,"CurrentSavings":46419,"TargetSavings":537484,"MonthlyContribution":4655,"CreatedAt":"2025-04-29T09:09:21.821841Z"},{"Id":"RPT038","CurrentAge":18,"RetirementAge":60,"CurrentSavings":0,"TargetSavings":0,"MonthlyContribution":0,"CreatedAt":"2025-04-29T09:59:11.4053121Z"},{"Id":"RPT039","CurrentAge":22,"RetirementAge":41,"CurrentSavings":0,"TargetSavings":0,"MonthlyContribution":0,"CreatedAt":"2025-04-29T09:59:15.6181847Z"},{"Id":"RPT040","CurrentAge":22,"RetirementAge":41,"CurrentSavings":0,"TargetSavings":631137,"MonthlyContribution":0,"CreatedAt":"2025-04-29T09:59:16.4434912Z"},{"Id":"RPT041","CurrentAge":22,"RetirementAge":41,"CurrentSavings":0,"TargetSavings":631137,"MonthlyContribution":5239,"CreatedAt":"2025-04-29T09:59:17.3114447Z"},{"Id":"RPT042","CurrentAge":22,"RetirementAge":41,"CurrentSavings":50762,"TargetSavings":631137,"MonthlyContribution":5239,"CreatedAt":"2025-04-29T09:59:18.5452217Z"},{"Id":"RPT043","CurrentAge":18,"RetirementAge":60,"CurrentSavings":0,"TargetSavings":0,"MonthlyContribution":0,"CreatedAt":"2025-04-29T09:59:19.3419588Z"},{"Id":"RPT044","CurrentAge":41,"RetirementAge":60,"CurrentSavings":50762,"TargetSavings":631137,"MonthlyContribution":5239,"CreatedAt":"2025-04-29T09:59:22.0187742Z"},{"Id":"RPT045","CurrentAge":41,"RetirementAge":60,"CurrentSavings":50762,"TargetSavings":631137,"MonthlyContribution":7533,"CreatedAt":"2025-04-29T10:00:17.0364134Z"},{"Id":"RPT046","CurrentAge":41,"RetirementAge":60,"CurrentSavings":50762,"TargetSavings":631137,"MonthlyContribution":7533,"CreatedAt":"2025-04-29T10:00:19.4679456Z"},{"Id":"RPT047","CurrentAge":41,"RetirementAge":60,"CurrentSavings":50762,"TargetSavings":631137,"MonthlyContribution":7533,"CreatedAt":"2025-04-29T10:00:23.8834754Z"},{"Id":"RPT048","CurrentAge":41,"RetirementAge":60,"CurrentSavings":50762,"TargetSavings":631137,"MonthlyContribution":7533,"CreatedAt":"2025-04-29T10:00:24.9290821Z"},{"Id":"RPT049","CurrentAge":18,"RetirementAge":60,"CurrentSavings":0,"TargetSavings":0,"MonthlyContribution":0,"CreatedAt":"2025-04-29T10:00:26.2157973Z"},{"Id":"RPT050","CurrentAge":22,"RetirementAge":52,"CurrentSavings":0,"TargetSavings":0,"MonthlyContribution":0,"CreatedAt":"2025-04-29T10:00:27.5273679Z"},{"Id":"RPT051","CurrentAge":22,"RetirementAge":52,"CurrentSavings":0,"TargetSavings":0,"MonthlyContribution":8089,"CreatedAt":"2025-04-29T10:00:28.6659285Z"},{"Id":"RPT052","CurrentAge":22,"RetirementAge":52,"CurrentSavings":0,"TargetSavings":825229,"MonthlyContribution":8089,"CreatedAt":"2025-04-29T10:00:29.6518017Z"},{"Id":"RPT053","CurrentAge":22,"RetirementAge":52,"CurrentSavings":69764,"TargetSavings":825229,"MonthlyContribution":8089,"CreatedAt":"2025-04-29T10:00:30.7610303Z"},{"Id":"RPT054","CurrentAge":49,"RetirementAge":52,"CurrentSavings":69764,"TargetSavings":825229,"MonthlyContribution":8089,"CreatedAt":"2025-04-29T10:00:31.61896Z"},{"Id":"RPT055","CurrentAge":49,"RetirementAge":52,"CurrentSavings":69764,"TargetSavings":825229,"MonthlyContribution":8089,"CreatedAt":"2025-04-29T10:00:32.4661177Z"},{"Id":"RPT056","CurrentAge":46,"RetirementAge":49,"CurrentSavings":47663,"TargetSavings":795799,"MonthlyContribution":2000,"CreatedAt":"2025-04-29T12:26:45.7942205Z"},{"Id":"RPT057","CurrentAge":22,"RetirementAge":47,"CurrentSavings":66728,"TargetSavings":630566,"MonthlyContribution":6913,"CreatedAt":"2025-04-29T15:50:12.7368943Z"},{"Id":"RPT058","CurrentAge":22,"RetirementAge":40,"CurrentSavings":53990,"TargetSavings":599751,"MonthlyContribution":5100,"CreatedAt":"2025-04-29T18:06:23.6224008Z"},{"Id":"RPT059","CurrentAge":33,"RetirementAge":56,"CurrentSavings":23796,"TargetSavings":864998,"MonthlyContribution":5642,"CreatedAt":"2025-04-30T08:33:17.6303737Z"},{"Id":"RPT060","CurrentAge":22,"RetirementAge":37,"CurrentSavings":5673,"TargetSavings":667285,"MonthlyContribution":4498,"CreatedAt":"2025-04-30T11:21:11.4845954Z"},{"Id":"RPT061","CurrentAge":27,"RetirementAge":56,"CurrentSavings":56702,"TargetSavings":833929,"MonthlyContribution":600,"CreatedAt":"2025-04-30T12:22:01.8859748Z"},{"Id":"RPT062","CurrentAge":39,"RetirementAge":56,"CurrentSavings":56702,"TargetSavings":833929,"MonthlyContribution":600,"CreatedAt":"2025-04-30T12:24:06.1427376Z"},{"Id":"RPT063","CurrentAge":39,"RetirementAge":56,"CurrentSavings":56702,"TargetSavings":833929,"MonthlyContribution":600,"CreatedAt":"2025-04-30T12:24:07.2811298Z"},{"Id":"RPT064","CurrentAge":39,"RetirementAge":56,"CurrentSavings":56702,"TargetSavings":833929,"MonthlyContribution":600,"CreatedAt":"2025-04-30T12:24:07.9478728Z"},{"Id":"RPT065","CurrentAge":39,"RetirementAge":56,"CurrentSavings":56702,"TargetSavings":833929,"MonthlyContribution":600,"CreatedAt":"2025-04-30T12:24:09.4268417Z"},{"Id":"RPT066","CurrentAge":39,"RetirementAge":56,"CurrentSavings":56702,"TargetSavings":833929,"MonthlyContribution":600,"CreatedAt":"2025-04-30T12:24:09.630674Z"},{"Id":"RPT067","CurrentAge":39,"RetirementAge":56,"CurrentSavings":56702,"TargetSavings":833929,"MonthlyContribution":2323,"CreatedAt":"2025-04-30T12:24:20.5580791Z"},{"Id":"RPT068","CurrentAge":39,"RetirementAge":56,"CurrentSavings":56702,"TargetSavings":833929,"MonthlyContribution":2323,"CreatedAt":"2025-04-30T12:24:21.4534167Z"},{"Id":"RPT069","CurrentAge":39,"RetirementAge":56,"CurrentSavings":56702,"TargetSavings":833929,"MonthlyContribution":2323,"CreatedAt":"2025-04-30T12:24:21.8894619Z"},{"Id":"RPT070","CurrentAge":28,"RetirementAge":58,"CurrentSavings":66164,"TargetSavings":746370,"MonthlyContribution":7647,"CreatedAt":"2025-04-30T12:24:31.2333757Z"},{"Id":"RPT071","CurrentAge":28,"RetirementAge":54,"CurrentSavings":66164,"TargetSavings":746370,"MonthlyContribution":7647,"CreatedAt":"2025-04-30T12:25:01.6515702Z"},{"Id":"RPT072","CurrentAge":28,"RetirementAge":54,"CurrentSavings":66164,"TargetSavings":746370,"MonthlyContribution":7647,"CreatedAt":"2025-04-30T12:25:02.2094224Z"},{"Id":"RPT073","CurrentAge":50,"RetirementAge":52,"CurrentSavings":76897,"TargetSavings":761905,"MonthlyContribution":7774,"CreatedAt":"2025-04-30T12:25:10.7337551Z"},{"Id":"RPT074","CurrentAge":50,"RetirementAge":52,"CurrentSavings":76897,"TargetSavings":761905,"MonthlyContribution":7774,"CreatedAt":"2025-04-30T12:27:40.2511382Z"},{"Id":"RPT075","CurrentAge":22,"RetirementAge":60,"CurrentSavings":2000,"TargetSavings":648925,"MonthlyContribution":361,"CreatedAt":"2025-05-01T04:37:40.8146173Z"},{"Id":"RPT076","CurrentAge":22,"RetirementAge":60,"CurrentSavings":65740,"TargetSavings":904541,"MonthlyContribution":200,"CreatedAt":"2025-05-01T04:48:20.5265873Z"},{"Id":"RPT077","CurrentAge":22,"RetirementAge":60,"CurrentSavings":65740,"TargetSavings":904541,"MonthlyContribution":200,"CreatedAt":"2025-05-01T04:48:24.0948161Z"},{"Id":"RPT078","CurrentAge":22,"RetirementAge":60,"CurrentSavings":65740,"TargetSavings":904541,"MonthlyContribution":200,"CreatedAt":"2025-05-01T04:48:25.2611087Z"},{"Id":"RPT079","CurrentAge":22,"RetirementAge":40,"CurrentSavings":52041,"TargetSavings":0,"MonthlyContribution":4964,"CreatedAt":"2025-05-01T04:51:02.695211Z"},{"Id":"RPT080","CurrentAge":22,"RetirementAge":40,"CurrentSavings":52041,"TargetSavings":0,"MonthlyContribution":2000,"CreatedAt":"2025-05-01T04:51:05.0967085Z"},{"Id":"RPT081","CurrentAge":22,"RetirementAge":40,"CurrentSavings":52041,"TargetSavings":0,"MonthlyContribution":4964,"CreatedAt":"2025-05-01T04:51:06.21799Z"},{"Id":"RPT082","CurrentAge":22,"RetirementAge":40,"CurrentSavings":52041,"TargetSavings":0,"MonthlyContribution":4964,"CreatedAt":"2025-05-01T04:51:10.5755364Z"},{"Id":"RPT083","CurrentAge":22,"RetirementAge":40,"CurrentSavings":52041,"TargetSavings":0,"MonthlyContribution":4964,"CreatedAt":"2025-05-01T04:51:10.9942049Z"},{"Id":"RPT084","CurrentAge":22,"RetirementAge":40,"CurrentSavings":52041,"TargetSavings":0,"MonthlyContribution":4964,"CreatedAt":"2025-05-01T04:51:11.1509198Z"},{"Id":"RPT085","CurrentAge":22,"RetirementAge":40,"CurrentSavings":52041,"TargetSavings":0,"MonthlyContribution":4964,"CreatedAt":"2025-05-01T04:51:11.359252Z"},{"Id":"RPT086","CurrentAge":22,"RetirementAge":40,"CurrentSavings":52041,"TargetSavings":0,"MonthlyContribution":4964,"CreatedAt":"2025-05-01T04:51:23.5556808Z"},{"Id":"RPT087","CurrentAge":42,"RetirementAge":49,"CurrentSavings":67858,"TargetSavings":592436,"MonthlyContribution":6306,"CreatedAt":"2025-05-01T04:54:36.166664Z"},{"Id":"RPT088","CurrentAge":42,"RetirementAge":49,"CurrentSavings":67858,"TargetSavings":592436,"MonthlyContribution":6306,"CreatedAt":"2025-05-01T04:54:38.8479736Z"},{"Id":"RPT089","CurrentAge":42,"RetirementAge":49,"CurrentSavings":67858,"TargetSavings":592436,"MonthlyContribution":6306,"CreatedAt":"2025-05-01T04:54:39.9045139Z"},{"Id":"RPT090","CurrentAge":42,"RetirementAge":49,"CurrentSavings":67858,"TargetSavings":592436,"MonthlyContribution":6306,"CreatedAt":"2025-05-01T04:54:40.1077082Z"},{"Id":"RPT091","CurrentAge":42,"RetirementAge":49,"CurrentSavings":67858,"TargetSavings":592436,"MonthlyContribution":6306,"CreatedAt":"2025-05-01T04:54:40.322822Z"},{"Id":"RPT092","CurrentAge":22,"RetirementAge":35,"CurrentSavings":0,"TargetSavings":643276,"MonthlyContribution":6616,"CreatedAt":"2025-05-01T04:57:58.1859026Z"},{"Id":"RPT093","CurrentAge":22,"RetirementAge":35,"CurrentSavings":0,"TargetSavings":643276,"MonthlyContribution":6616,"CreatedAt":"2025-05-01T04:58:00.9421881Z"},{"Id":"RPT094","CurrentAge":22,"RetirementAge":35,"CurrentSavings":0,"TargetSavings":643276,"MonthlyContribution":6616,"CreatedAt":"2025-05-01T04:58:01.8609482Z"},{"Id":"RPT095","CurrentAge":22,"RetirementAge":35,"CurrentSavings":0,"TargetSavings":643276,"MonthlyContribution":6616,"CreatedAt":"2025-05-01T04:58:02.0227862Z"},{"Id":"RPT096","CurrentAge":22,"RetirementAge":35,"CurrentSavings":0,"TargetSavings":643276,"MonthlyContribution":6616,"CreatedAt":"2025-05-01T04:58:02.2002513Z"},{"Id":"RPT097","CurrentAge":22,"RetirementAge":35,"CurrentSavings":0,"TargetSavings":643276,"MonthlyContribution":6616,"CreatedAt":"2025-05-01T04:58:02.4138989Z"},{"Id":"RPT098","CurrentAge":22,"RetirementAge":35,"CurrentSavings":0,"TargetSavings":643276,"MonthlyContribution":6616,"CreatedAt":"2025-05-01T04:58:07.4805384Z"},{"Id":"RPT099","CurrentAge":22,"RetirementAge":35,"CurrentSavings":0,"TargetSavings":643276,"MonthlyContribution":6616,"CreatedAt":"2025-05-01T04:58:11.6139751Z"},{"Id":"RPT100","CurrentAge":0,"RetirementAge":0,"CurrentSavings":0,"TargetSavings":0,"MonthlyContribution":0,"CreatedAt":"2025-05-01T04:58:12.1807629Z"},{"Id":"RPT101","CurrentAge":22,"RetirementAge":35,"CurrentSavings":0,"TargetSavings":643276,"MonthlyContribution":6616,"CreatedAt":"2025-05-01T04:58:19.3657542Z"},{"Id":"RPT102","CurrentAge":22,"RetirementAge":45,"CurrentSavings":65457,"TargetSavings":644689,"MonthlyContribution":6645,"CreatedAt":"2025-05-01T05:01:42.3729393Z"},{"Id":"RPT103","CurrentAge":22,"RetirementAge":45,"CurrentSavings":65457,"TargetSavings":644689,"MonthlyContribution":6645,"CreatedAt":"2025-05-01T05:01:46.4619571Z"},{"Id":"RPT104","CurrentAge":45,"RetirementAge":48,"CurrentSavings":61644,"TargetSavings":654574,"MonthlyContribution":6066,"CreatedAt":"2025-05-01T05:06:57.5088666Z"},{"Id":"RPT105","CurrentAge":45,"RetirementAge":48,"CurrentSavings":61644,"TargetSavings":654574,"MonthlyContribution":6066,"CreatedAt":"2025-05-01T05:07:03.536025Z"},{"Id":"RPT106","CurrentAge":22,"RetirementAge":42,"CurrentSavings":63622,"TargetSavings":469571,"MonthlyContribution":6122,"CreatedAt":"2025-05-01T05:08:53.4262331Z"},{"Id":"RPT107","CurrentAge":22,"RetirementAge":35,"CurrentSavings":0,"TargetSavings":677170,"MonthlyContribution":6772,"CreatedAt":"2025-05-01T05:13:15.2997836Z"},{"Id":"RPT108","CurrentAge":22,"RetirementAge":35,"CurrentSavings":0,"TargetSavings":869235,"MonthlyContribution":0,"CreatedAt":"2025-05-01T05:15:12.0628667Z"},{"Id":"RPT109","CurrentAge":22,"RetirementAge":51,"CurrentSavings":0,"TargetSavings":869235,"MonthlyContribution":0,"CreatedAt":"2025-05-01T05:15:30.7438594Z"},{"Id":"RPT110","CurrentAge":22,"RetirementAge":51,"CurrentSavings":0,"TargetSavings":869235,"MonthlyContribution":0,"CreatedAt":"2025-05-01T05:18:04.808982Z"},{"Id":"RPT111","CurrentAge":22,"RetirementAge":52,"CurrentSavings":0,"TargetSavings":815570,"MonthlyContribution":8368,"CreatedAt":"2025-05-01T05:19:51.3849266Z"},{"Id":"RPT112","CurrentAge":40,"RetirementAge":60,"CurrentSavings":500,"TargetSavings":1000,"MonthlyContribution":600,"CreatedAt":"2025-05-02T06:56:45.0693178Z"},{"Id":"RPT113","CurrentAge":22,"RetirementAge":51,"CurrentSavings":77365,"TargetSavings":772294,"MonthlyContribution":8049,"CreatedAt":"2025-05-02T07:03:54.6825899Z"},{"Id":"RPT114","CurrentAge":22,"RetirementAge":53,"CurrentSavings":0,"TargetSavings":810298,"MonthlyContribution":8266,"CreatedAt":"2025-05-02T07:04:10.6185875Z"},{"Id":"RPT115","CurrentAge":22,"RetirementAge":49,"CurrentSavings":0,"TargetSavings":747904,"MonthlyContribution":7521,"CreatedAt":"2025-05-02T07:04:38.4295243Z"},{"Id":"RPT116","CurrentAge":22,"RetirementAge":53,"CurrentSavings":0,"TargetSavings":810298,"MonthlyContribution":8266,"CreatedAt":"2025-05-02T07:04:46.0678956Z"},{"Id":"RPT117","CurrentAge":29,"RetirementAge":35,"CurrentSavings":33400,"TargetSavings":713889,"MonthlyContribution":8255,"CreatedAt":"2025-05-02T10:20:45.527708Z"},{"Id":"RPT118","CurrentAge":22,"RetirementAge":35,"CurrentSavings":0,"TargetSavings":0,"MonthlyContribution":0,"CreatedAt":"2025-05-02T11:13:55.8330211Z"},{"Id":"RPT119","CurrentAge":38,"RetirementAge":43,"CurrentSavings":58138,"TargetSavings":619992,"MonthlyContribution":6085,"CreatedAt":"2025-05-02T11:36:59.694278Z"},{"Id":"RPT120","CurrentAge":40,"RetirementAge":49,"CurrentSavings":73416,"TargetSavings":959217,"MonthlyContribution":7264,"CreatedAt":"2025-05-02T16:30:22.5454487Z"},{"Id":"RPT121","CurrentAge":51,"RetirementAge":55,"CurrentSavings":82480,"TargetSavings":930970,"MonthlyContribution":8274,"CreatedAt":"2025-05-02T16:38:49.0591742Z"},{"Id":"RPT122","CurrentAge":38,"RetirementAge":43,"CurrentSavings":48297,"TargetSavings":640932,"MonthlyContribution":4881,"CreatedAt":"2025-05-02T16:46:35.5569671Z"},{"Id":"RPT123","CurrentAge":38,"RetirementAge":41,"CurrentSavings":48297,"TargetSavings":526989,"MonthlyContribution":4881,"CreatedAt":"2025-05-02T16:47:03.001712Z"},{"Id":"RPT124","CurrentAge":22,"RetirementAge":60,"CurrentSavings":38818,"TargetSavings":887664,"MonthlyContribution":300,"CreatedAt":"2025-05-02T16:54:44.0859166Z"},{"Id":"RPT125","CurrentAge":22,"RetirementAge":51,"CurrentSavings":0,"TargetSavings":869235,"MonthlyContribution":0,"CreatedAt":"2025-05-02T16:59:27.7092875Z"},{"Id":"RPT126","CurrentAge":22,"RetirementAge":49,"CurrentSavings":49541,"TargetSavings":852374,"MonthlyContribution":6556,"CreatedAt":"2025-05-02T17:12:43.8934697Z"},{"Id":"RPT127","CurrentAge":40,"RetirementAge":48,"CurrentSavings":52663,"TargetSavings":793720,"MonthlyContribution":4696,"CreatedAt":"2025-05-02T17:31:54.9155782Z"},{"Id":"RPT128","CurrentAge":22,"RetirementAge":49,"CurrentSavings":0,"TargetSavings":747904,"MonthlyContribution":7521,"CreatedAt":"2025-05-02T17:32:15.7883208Z"},{"Id":"RPT129","CurrentAge":40,"RetirementAge":48,"CurrentSavings":52663,"TargetSavings":793720,"MonthlyContribution":4696,"CreatedAt":"2025-05-02T17:35:57.8757322Z"},{"Id":"RPT130","CurrentAge":40,"RetirementAge":48,"CurrentSavings":52663,"TargetSavings":793720,"MonthlyContribution":4696,"CreatedAt":"2025-05-02T17:36:06.2847085Z"},{"Id":"RPT131","CurrentAge":22,"RetirementAge":60,"CurrentSavings":46148,"TargetSavings":876805,"MonthlyContribution":260,"CreatedAt":"2025-05-02T17:53:06.4998438Z"},{"Id":"RPT132","CurrentAge":22,"RetirementAge":60,"CurrentSavings":46148,"TargetSavings":876805,"MonthlyContribution":260,"CreatedAt":"2025-05-02T17:53:15.4910313Z"},{"Id":"RPT133","CurrentAge":22,"RetirementAge":60,"CurrentSavings":46148,"TargetSavings":876805,"MonthlyContribution":260,"CreatedAt":"2025-05-02T17:53:27.8995145Z"},{"Id":"RPT134","CurrentAge":22,"RetirementAge":60,"CurrentSavings":46148,"TargetSavings":876805,"MonthlyContribution":260,"CreatedAt":"2025-05-02T17:53:59.084128Z"},{"Id":"RPT135","CurrentAge":37,"RetirementAge":58,"CurrentSavings":45333,"TargetSavings":929739,"MonthlyContribution":5253,"CreatedAt":"2025-05-02T17:59:22.7570245Z"},{"Id":"RPT136","CurrentAge":22,"RetirementAge":46,"CurrentSavings":51577,"TargetSavings":739720,"MonthlyContribution":6135,"CreatedAt":"2025-05-02T18:00:35.7802269Z"},{"Id":"RPT137","CurrentAge":22,"RetirementAge":46,"CurrentSavings":51577,"TargetSavings":766865,"MonthlyContribution":6135,"CreatedAt":"2025-05-02T18:00:41.2114531Z"},{"Id":"RPT138","CurrentAge":22,"RetirementAge":35,"CurrentSavings":0,"TargetSavings":757465,"MonthlyContribution":0,"CreatedAt":"2025-05-03T10:52:04.0163797Z"},{"Id":"RPT139","CurrentAge":22,"RetirementAge":35,"CurrentSavings":0,"TargetSavings":757465,"MonthlyContribution":0,"CreatedAt":"2025-05-03T10:52:04.0329271Z"},{"Id":"RPT140","CurrentAge":0,"RetirementAge":0,"CurrentSavings":0,"TargetSavings":0,"MonthlyContribution":0,"CreatedAt":"2025-05-03T10:52:45.3169605Z"},{"Id":"RPT141","CurrentAge":22,"RetirementAge":47,"CurrentSavings":0,"TargetSavings":679777,"MonthlyContribution":6746,"CreatedAt":"2025-05-03T10:52:45.3319996Z"},{"Id":"RPT142","CurrentAge":42,"RetirementAge":50,"CurrentSavings":55806,"TargetSavings":731569,"MonthlyContribution":6772,"CreatedAt":"2025-05-03T10:58:38.5491663Z"},{"Id":"RPT143","CurrentAge":42,"RetirementAge":50,"CurrentSavings":55806,"TargetSavings":731569,"MonthlyContribution":6772,"CreatedAt":"2025-05-03T10:58:38.5534339Z"},{"Id":"RPT144","CurrentAge":22,"RetirementAge":35,"CurrentSavings":0,"TargetSavings":0,"MonthlyContribution":0,"CreatedAt":"2025-05-03T11:00:22.7636101Z"},{"Id":"RPT145","CurrentAge":22,"RetirementAge":55,"CurrentSavings":84830,"TargetSavings":954170,"MonthlyContribution":8537,"CreatedAt":"2025-05-03T11:06:32.0654306Z"},{"Id":"RPT146","CurrentAge":22,"RetirementAge":60,"CurrentSavings":120,"TargetSavings":931094,"MonthlyContribution":1600,"CreatedAt":"2025-05-03T11:17:21.3194623Z"},{"Id":"RPT147","CurrentAge":22,"RetirementAge":35,"CurrentSavings":0,"TargetSavings":100000,"MonthlyContribution":0,"CreatedAt":"2025-05-03T11:54:40.9172463Z"},{"Id":"RPT148","CurrentAge":44,"RetirementAge":60,"CurrentSavings":63279,"TargetSavings":948199,"MonthlyContribution":6837,"CreatedAt":"2025-05-03T13:28:09.3887545Z"},{"Id":"RPT149","CurrentAge":22,"RetirementAge":53,"CurrentSavings":59697,"TargetSavings":0,"MonthlyContribution":7678,"CreatedAt":"2025-05-03T13:51:05.5833898Z"},{"Id":"RPT150","CurrentAge":40,"RetirementAge":49,"CurrentSavings":66722,"TargetSavings":454015,"MonthlyContribution":7292,"CreatedAt":"2025-05-03T13:52:26.4189903Z"},{"Id":"RPT151","CurrentAge":42,"RetirementAge":44,"CurrentSavings":58655,"TargetSavings":550295,"MonthlyContribution":5296,"CreatedAt":"2025-05-04T06:17:11.4312272Z"},{"Id":"RPT152","CurrentAge":43,"RetirementAge":51,"CurrentSavings":70579,"TargetSavings":855089,"MonthlyContribution":7329,"CreatedAt":"2025-05-04T09:02:39.1816949Z"},{"Id":"RPT153","CurrentAge":44,"RetirementAge":51,"CurrentSavings":74202,"TargetSavings":832123,"MonthlyContribution":7929,"CreatedAt":"2025-05-04T09:05:20.7872098Z"},{"Id":"RPT154","CurrentAge":22,"RetirementAge":58,"CurrentSavings":81301,"TargetSavings":913452,"MonthlyContribution":475,"CreatedAt":"2025-05-04T09:51:46.0051237Z"},{"Id":"RPT155","CurrentAge":40,"RetirementAge":51,"CurrentSavings":68141,"TargetSavings":794386,"MonthlyContribution":7280,"CreatedAt":"2025-05-04T18:33:21.0413298Z"},{"Id":"RPT156","CurrentAge":38,"RetirementAge":52,"CurrentSavings":53453,"TargetSavings":890419,"MonthlyContribution":5783,"CreatedAt":"2025-05-04T18:34:43.7633728Z"},{"Id":"RPT157","CurrentAge":43,"RetirementAge":53,"CurrentSavings":68847,"TargetSavings":921488,"MonthlyContribution":7972,"CreatedAt":"2025-05-04T18:35:57.8380245Z"},{"Id":"RPT158","CurrentAge":45,"RetirementAge":51,"CurrentSavings":69694,"TargetSavings":842403,"MonthlyContribution":7520,"CreatedAt":"2025-05-04T18:39:09.9415506Z"},{"Id":"RPT159","CurrentAge":54,"RetirementAge":56,"CurrentSavings":83393,"TargetSavings":911602,"MonthlyContribution":8749,"CreatedAt":"2025-05-04T18:39:25.4360712Z"},{"Id":"RPT160","CurrentAge":31,"RetirementAge":60,"CurrentSavings":93844,"TargetSavings":643481,"MonthlyContribution":9229,"CreatedAt":"2025-05-04T18:39:46.6753572Z"},{"Id":"RPT161","CurrentAge":51,"RetirementAge":54,"CurrentSavings":83675,"TargetSavings":890419,"MonthlyContribution":8523,"CreatedAt":"2025-05-04T18:40:20.5759947Z"},{"Id":"RPT162","CurrentAge":47,"RetirementAge":48,"CurrentSavings":69270,"TargetSavings":674346,"MonthlyContribution":7040,"CreatedAt":"2025-05-04T18:41:01.1871029Z"},{"Id":"RPT163","CurrentAge":29,"RetirementAge":49,"CurrentSavings":74496,"TargetSavings":884770,"MonthlyContribution":7774,"CreatedAt":"2025-05-04T18:41:58.601995Z"},{"Id":"RPT164","CurrentAge":23,"RetirementAge":55,"CurrentSavings":73084,"TargetSavings":886182,"MonthlyContribution":8593,"CreatedAt":"2025-05-04T18:42:35.9759501Z"},{"Id":"RPT165","CurrentAge":36,"RetirementAge":47,"CurrentSavings":66728,"TargetSavings":780264,"MonthlyContribution":4272,"CreatedAt":"2025-05-04T18:42:54.8391215Z"},{"Id":"RPT166","CurrentAge":51,"RetirementAge":54,"CurrentSavings":79580,"TargetSavings":917251,"MonthlyContribution":7605,"CreatedAt":"2025-05-04T18:43:34.0878669Z"},{"Id":"RPT167","CurrentAge":29,"RetirementAge":40,"CurrentSavings":62351,"TargetSavings":653162,"MonthlyContribution":5246,"CreatedAt":"2025-05-05T05:04:14.2930433Z"},{"Id":"RPT168","CurrentAge":48,"RetirementAge":57,"CurrentSavings":59950,"TargetSavings":759080,"MonthlyContribution":8085,"CreatedAt":"2025-05-05T05:06:51.2256448Z"},{"Id":"RPT169","CurrentAge":33,"RetirementAge":59,"CurrentSavings":37438,"TargetSavings":446341,"MonthlyContribution":4243,"CreatedAt":"2025-05-07T04:50:38.9792606Z"},{"Id":"RPT170","CurrentAge":27,"RetirementAge":52,"CurrentSavings":81981,"TargetSavings":904541,"MonthlyContribution":8184,"CreatedAt":"2025-05-07T07:10:12.0762159Z"},{"Id":"RPT171","CurrentAge":38,"RetirementAge":51,"CurrentSavings":61120,"TargetSavings":890487,"MonthlyContribution":6323,"CreatedAt":"2025-05-08T09:53:46.1012949Z"},{"Id":"RPT172","CurrentAge":25,"RetirementAge":45,"CurrentSavings":93259,"TargetSavings":877856,"MonthlyContribution":4989,"CreatedAt":"2025-05-09T04:29:52.9351453Z"},{"Id":"RPT173","CurrentAge":22,"RetirementAge":53,"CurrentSavings":57190,"TargetSavings":811894,"MonthlyContribution":4596,"CreatedAt":"2025-05-09T05:47:11.4216892Z"},{"Id":"RPT174","CurrentAge":30,"RetirementAge":52,"CurrentSavings":60699,"TargetSavings":894698,"MonthlyContribution":7529,"CreatedAt":"2025-05-09T08:34:34.8040895Z"},{"Id":"RPT175","CurrentAge":40,"RetirementAge":56,"CurrentSavings":79015,"TargetSavings":879121,"MonthlyContribution":7901,"CreatedAt":"2025-05-12T13:28:02.2803707Z"},{"Id":"RPT176","CurrentAge":22,"RetirementAge":35,"CurrentSavings":0,"TargetSavings":831105,"MonthlyContribution":0,"CreatedAt":"2025-05-12T13:28:13.4450241Z"},{"Id":"RPT177","CurrentAge":22,"RetirementAge":35,"CurrentSavings":0,"TargetSavings":630850,"MonthlyContribution":0,"CreatedAt":"2025-05-12T15:52:14.5904432Z"},{"Id":"RPT178","CurrentAge":22,"RetirementAge":35,"CurrentSavings":0,"TargetSavings":897504,"MonthlyContribution":0,"CreatedAt":"2025-05-12T15:58:35.3961726Z"},{"Id":"RPT179","CurrentAge":22,"RetirementAge":35,"CurrentSavings":0,"TargetSavings":939608,"MonthlyContribution":0,"CreatedAt":"2025-05-12T16:04:40.7891893Z"},{"Id":"RPT180","CurrentAge":45,"RetirementAge":49,"CurrentSavings":67186,"TargetSavings":392255,"MonthlyContribution":2090,"CreatedAt":"2025-05-13T06:07:54.5958345Z"},{"Id":"RPT181","CurrentAge":41,"RetirementAge":51,"CurrentSavings":52699,"TargetSavings":727687,"MonthlyContribution":6182,"CreatedAt":"2025-05-13T06:58:37.3104852Z"},{"Id":"RPT182","CurrentAge":22,"RetirementAge":35,"CurrentSavings":0,"TargetSavings":851191,"MonthlyContribution":0,"CreatedAt":"2025-05-13T07:14:45.8151531Z"},{"Id":"RPT183","CurrentAge":22,"RetirementAge":35,"CurrentSavings":0,"TargetSavings":926977,"MonthlyContribution":0,"CreatedAt":"2025-05-13T07:20:32.8551092Z"},{"Id":"RPT184","CurrentAge":48,"RetirementAge":54,"CurrentSavings":72628,"TargetSavings":883470,"MonthlyContribution":8343,"CreatedAt":"2025-05-13T09:21:50.3909794Z"},{"Id":"RPT185","CurrentAge":49,"RetirementAge":56,"CurrentSavings":80628,"TargetSavings":910136,"MonthlyContribution":7768,"CreatedAt":"2025-05-13T10:16:52.1256464Z"},{"Id":"RPT186","CurrentAge":44,"RetirementAge":50,"CurrentSavings":70664,"TargetSavings":505943,"MonthlyContribution":6954,"CreatedAt":"2025-05-13T10:27:38.9389439Z"},{"Id":"RPT187","CurrentAge":22,"RetirementAge":56,"CurrentSavings":0,"TargetSavings":891891,"MonthlyContribution":8905,"CreatedAt":"2025-05-13T10:31:42.0214608Z"},{"Id":"RPT188","CurrentAge":22,"RetirementAge":35,"CurrentSavings":0,"TargetSavings":945222,"MonthlyContribution":9073,"CreatedAt":"2025-05-13T10:32:16.3522065Z"},{"Id":"RPT189","CurrentAge":26,"RetirementAge":59,"CurrentSavings":81189,"TargetSavings":897504,"MonthlyContribution":8077,"CreatedAt":"2025-05-13T10:33:20.1368921Z"},{"Id":"RPT190","CurrentAge":28,"RetirementAge":53,"CurrentSavings":75856,"TargetSavings":751546,"MonthlyContribution":7207,"CreatedAt":"2025-05-13T10:35:38.6604441Z"},{"Id":"RPT191","CurrentAge":22,"RetirementAge":50,"CurrentSavings":0,"TargetSavings":0,"MonthlyContribution":0,"CreatedAt":"2025-05-13T10:36:16.1423521Z"},{"Id":"RPT192","CurrentAge":53,"RetirementAge":55,"CurrentSavings":83856,"TargetSavings":501732,"MonthlyContribution":9017,"CreatedAt":"2025-05-13T10:46:56.0496598Z"},{"Id":"RPT193","CurrentAge":22,"RetirementAge":35,"CurrentSavings":0,"TargetSavings":897504,"MonthlyContribution":0,"CreatedAt":"2025-05-13T10:47:28.523899Z"},{"Id":"RPT194","CurrentAge":22,"RetirementAge":54,"CurrentSavings":0,"TargetSavings":828736,"MonthlyContribution":5579,"CreatedAt":"2025-05-13T10:49:55.3704184Z"},{"Id":"RPT195","CurrentAge":31,"RetirementAge":53,"CurrentSavings":89470,"TargetSavings":936801,"MonthlyContribution":8133,"CreatedAt":"2025-05-14T08:59:26.7840262Z"},{"Id":"RPT196","CurrentAge":22,"RetirementAge":60,"CurrentSavings":1000,"TargetSavings":1000,"MonthlyContribution":100,"CreatedAt":"2025-05-17T06:27:35.4356484Z"},{"Id":"RPT197","CurrentAge":47,"RetirementAge":50,"CurrentSavings":70104,"TargetSavings":786138,"MonthlyContribution":7389,"CreatedAt":"2025-05-17T15:57:51.0059798Z"},{"Id":"RPT198","CurrentAge":22,"RetirementAge":60,"CurrentSavings":10000,"TargetSavings":1500000,"MonthlyContribution":1999,"CreatedAt":"2025-05-19T05:15:19.4544194Z"},{"Id":"RPT199","CurrentAge":20,"RetirementAge":50,"CurrentSavings":100,"TargetSavings":1500000,"MonthlyContribution":100,"CreatedAt":"2025-05-19T05:37:07.1845179Z"},{"Id":"RPT200","CurrentAge":28,"RetirementAge":39,"CurrentSavings":43998,"TargetSavings":633656,"MonthlyContribution":4737,"CreatedAt":"2025-05-19T06:40:24.6939396Z"},{"Id":"RPT201","CurrentAge":33,"RetirementAge":37,"CurrentSavings":72067,"TargetSavings":723477,"MonthlyContribution":6337,"CreatedAt":"2025-05-19T11:05:31.0144119Z"},{"Id":"RPT202","CurrentAge":28,"RetirementAge":56,"CurrentSavings":30806,"TargetSavings":434367,"MonthlyContribution":2870,"CreatedAt":"2025-05-21T04:55:52.333571Z"},{"Id":"RPT203","CurrentAge":28,"RetirementAge":46,"CurrentSavings":39647,"TargetSavings":546643,"MonthlyContribution":5480,"CreatedAt":"2025-05-21T04:56:08.9013049Z"},{"Id":"RPT204","CurrentAge":23,"RetirementAge":36,"CurrentSavings":33753,"TargetSavings":853998,"MonthlyContribution":3712,"CreatedAt":"2025-05-21T06:20:08.1304943Z"},{"Id":"RPT205","CurrentAge":24,"RetirementAge":56,"CurrentSavings":18853,"TargetSavings":801448,"MonthlyContribution":4908,"CreatedAt":"2025-05-21T08:57:46.7884011Z"},{"Id":"RPT206","CurrentAge":27,"RetirementAge":53,"CurrentSavings":48793,"TargetSavings":648925,"MonthlyContribution":4865,"CreatedAt":"2025-05-21T09:05:47.3844054Z"},{"Id":"RPT207","CurrentAge":27,"RetirementAge":52,"CurrentSavings":27437,"TargetSavings":759967,"MonthlyContribution":1003,"CreatedAt":"2025-05-21T09:15:29.8447455Z"},{"Id":"RPT208","CurrentAge":28,"RetirementAge":53,"CurrentSavings":55366,"TargetSavings":744529,"MonthlyContribution":4147,"CreatedAt":"2025-05-21T09:59:17.0770893Z"},{"Id":"RPT209","CurrentAge":22,"RetirementAge":60,"CurrentSavings":10000,"TargetSavings":5000000,"MonthlyContribution":1000,"CreatedAt":"2025-05-21T13:31:33.0102102Z"},{"Id":"RPT210","CurrentAge":42,"RetirementAge":55,"CurrentSavings":53963,"TargetSavings":866629,"MonthlyContribution":8442,"CreatedAt":"2025-05-21T13:38:09.0868446Z"},{"Id":"RPT211","CurrentAge":52,"RetirementAge":54,"CurrentSavings":67716,"TargetSavings":722074,"MonthlyContribution":4245,"CreatedAt":"2025-05-25T11:03:30.8004599Z"},{"Id":"RPT212","CurrentAge":38,"RetirementAge":40,"CurrentSavings":39647,"TargetSavings":635060,"MonthlyContribution":4807,"CreatedAt":"2025-05-25T11:06:00.1481492Z"},{"Id":"RPT213","CurrentAge":36,"RetirementAge":40,"CurrentSavings":29431,"TargetSavings":810058,"MonthlyContribution":2101,"CreatedAt":"2025-05-25T11:07:20.4881846Z"},{"Id":"RPT214","CurrentAge":49,"RetirementAge":50,"CurrentSavings":62936,"TargetSavings":647047,"MonthlyContribution":7887,"CreatedAt":"2025-05-25T11:08:21.5389853Z"},{"Id":"RPT215","CurrentAge":22,"RetirementAge":60,"CurrentSavings":10000,"TargetSavings":1000000,"MonthlyContribution":145,"CreatedAt":"2025-05-25T11:35:20.5719932Z"},{"Id":"RPT216","CurrentAge":30,"RetirementAge":60,"CurrentSavings":10000,"TargetSavings":100000,"MonthlyContribution":1000,"CreatedAt":"2025-05-25T12:25:14.9044307Z"},{"Id":"RPT217","CurrentAge":22,"RetirementAge":60,"CurrentSavings":1000,"TargetSavings":10000,"MonthlyContribution":1000,"CreatedAt":"2025-05-25T12:26:31.449974Z"},{"Id":"RPT218","CurrentAge":22,"RetirementAge":60,"CurrentSavings":10000,"TargetSavings":1933434,"MonthlyContribution":1000,"CreatedAt":"2025-05-25T12:29:47.7787665Z"},{"Id":"RPT219","CurrentAge":22,"RetirementAge":60,"CurrentSavings":1000,"TargetSavings":1000,"MonthlyContribution":100,"CreatedAt":"2025-05-25T12:36:14.4069741Z"},{"Id":"RPT220","CurrentAge":22,"RetirementAge":60,"CurrentSavings":1000,"TargetSavings":100000,"MonthlyContribution":1000,"CreatedAt":"2025-05-25T12:38:11.5435722Z"},{"Id":"RPT221","CurrentAge":33,"RetirementAge":39,"CurrentSavings":31521,"TargetSavings":516982,"MonthlyContribution":3305,"CreatedAt":"2025-05-25T12:38:57.2729493Z"},{"Id":"RPT222","CurrentAge":31,"RetirementAge":36,"CurrentSavings":40461,"TargetSavings":606379,"MonthlyContribution":4940,"CreatedAt":"2025-05-25T12:39:45.2647286Z"},{"Id":"RPT223","CurrentAge":30,"RetirementAge":56,"CurrentSavings":53488,"TargetSavings":506763,"MonthlyContribution":7035,"CreatedAt":"2025-05-25T12:40:16.0714985Z"},{"Id":"RPT224","CurrentAge":37,"RetirementAge":41,"CurrentSavings":41051,"TargetSavings":705232,"MonthlyContribution":4933,"CreatedAt":"2025-05-25T14:06:44.81144Z"},{"Id":"RPT225","CurrentAge":22,"RetirementAge":60,"CurrentSavings":10000,"TargetSavings":1000000,"MonthlyContribution":1400,"CreatedAt":"2025-05-25T14:10:51.6906028Z"},{"Id":"RPT226","CurrentAge":22,"RetirementAge":58,"CurrentSavings":10000,"TargetSavings":2000000,"MonthlyContribution":4500,"CreatedAt":"2025-05-25T14:15:11.0847649Z"},{"Id":"RPT227","CurrentAge":22,"RetirementAge":60,"CurrentSavings":165000,"TargetSavings":1850000,"MonthlyContribution":1500,"CreatedAt":"2025-05-25T14:28:00.5300464Z"},{"Id":"RPT228","CurrentAge":22,"RetirementAge":60,"CurrentSavings":100000,"TargetSavings":152000,"MonthlyContribution":1500,"CreatedAt":"2025-05-25T14:30:20.2242604Z"},{"Id":"RPT229","CurrentAge":22,"RetirementAge":59,"CurrentSavings":60000,"TargetSavings":1500000,"MonthlyContribution":1000,"CreatedAt":"2025-05-25T14:32:05.6876618Z"},{"Id":"RPT230","CurrentAge":22,"RetirementAge":60,"CurrentSavings":1000,"TargetSavings":100000,"MonthlyContribution":1500,"CreatedAt":"2025-05-25T14:34:16.7554973Z"},{"Id":"RPT231","CurrentAge":22,"RetirementAge":60,"CurrentSavings":1500,"TargetSavings":150000,"MonthlyContribution":1500,"CreatedAt":"2025-05-25T14:37:20.8876333Z"},{"Id":"RPT232","CurrentAge":22,"RetirementAge":44,"CurrentSavings":0,"TargetSavings":519131,"MonthlyContribution":4392,"CreatedAt":"2025-05-25T14:39:05.0595328Z"},{"Id":"RPT233","CurrentAge":22,"RetirementAge":60,"CurrentSavings":151651,"TargetSavings":4775552,"MonthlyContribution":17257,"CreatedAt":"2025-05-25T14:39:37.8103476Z"},{"Id":"RPT234","CurrentAge":22,"RetirementAge":42,"CurrentSavings":0,"TargetSavings":496765,"MonthlyContribution":0,"CreatedAt":"2025-05-25T14:41:43.752333Z"},{"Id":"RPT235","CurrentAge":22,"RetirementAge":0,"CurrentSavings":0,"TargetSavings":0,"MonthlyContribution":1500,"CreatedAt":"2025-05-25T14:46:39.5521195Z"},{"Id":"RPT236","CurrentAge":30,"RetirementAge":0,"CurrentSavings":0,"TargetSavings":0,"MonthlyContribution":6500,"CreatedAt":"2025-05-25T16:22:47.7764637Z"},{"Id":"RPT237","CurrentAge":30,"RetirementAge":0,"CurrentSavings":0,"TargetSavings":0,"MonthlyContribution":2510,"CreatedAt":"2025-05-25T16:25:21.9431079Z"},{"Id":"RPT238","CurrentAge":30,"RetirementAge":0,"CurrentSavings":0,"TargetSavings":0,"MonthlyContribution":100,"CreatedAt":"2025-05-25T16:28:18.3732777Z"},{"Id":"RPT239","CurrentAge":30,"RetirementAge":60,"CurrentSavings":20,"TargetSavings":5465,"MonthlyContribution":6554,"CreatedAt":"2025-05-25T16:57:37.4522032Z"},{"Id":"RPT240","CurrentAge":29,"RetirementAge":33,"CurrentSavings":27693,"TargetSavings":407021,"MonthlyContribution":3371,"CreatedAt":"2025-05-25T16:58:10.5332557Z"},{"Id":"RPT241","CurrentAge":26,"RetirementAge":0,"CurrentSavings":0,"TargetSavings":0,"MonthlyContribution":0,"CreatedAt":"2025-05-25T17:05:27.3986991Z"},{"Id":"RPT242","CurrentAge":26,"RetirementAge":0,"CurrentSavings":0,"TargetSavings":0,"MonthlyContribution":0,"CreatedAt":"2025-05-25T17:08:58.637372Z"},{"Id":"RPT243","CurrentAge":22,"RetirementAge":0,"CurrentSavings":0,"TargetSavings":0,"MonthlyContribution":0,"CreatedAt":"2025-05-25T17:17:52.683188Z"},{"Id":"RPT244","CurrentAge":38,"RetirementAge":51,"CurrentSavings":46883,"TargetSavings":486707,"MonthlyContribution":3777,"CreatedAt":"2025-05-25T17:18:15.000706Z"},{"Id":"RPT245","CurrentAge":22,"RetirementAge":0,"CurrentSavings":0,"TargetSavings":0,"MonthlyContribution":4545,"CreatedAt":"2025-05-25T17:19:24.6751546Z"},{"Id":"RPT246","CurrentAge":26,"RetirementAge":60,"CurrentSavings":1544,"TargetSavings":45462,"MonthlyContribution":5454,"CreatedAt":"2025-05-25T17:25:53.2382753Z"},{"Id":"RPT247","CurrentAge":33,"RetirementAge":35,"CurrentSavings":37775,"TargetSavings":407021,"MonthlyContribution":3924,"CreatedAt":"2025-05-25T17:26:35.5523845Z"},{"Id":"RPT248","CurrentAge":22,"RetirementAge":60,"CurrentSavings":650,"TargetSavings":4545,"MonthlyContribution":454,"CreatedAt":"2025-05-25T17:31:22.1197735Z"},{"Id":"RPT249","CurrentAge":30,"RetirementAge":60,"CurrentSavings":6544654,"TargetSavings":4545,"MonthlyContribution":54,"CreatedAt":"2025-05-25T17:32:09.2000314Z"},{"Id":"RPT250","CurrentAge":25,"RetirementAge":60,"CurrentSavings":1000,"TargetSavings":15800,"MonthlyContribution":650,"CreatedAt":"2025-05-25T17:33:16.1229964Z"},{"Id":"RPT251","CurrentAge":39,"RetirementAge":47,"CurrentSavings":54165,"TargetSavings":724003,"MonthlyContribution":6997,"CreatedAt":"2025-05-25T17:33:58.3714118Z"},{"Id":"RPT252","CurrentAge":22,"RetirementAge":58,"CurrentSavings":10000,"TargetSavings":100000,"MonthlyContribution":100,"CreatedAt":"2025-05-26T04:39:36.2056061Z"},{"Id":"RPT253","CurrentAge":22,"RetirementAge":58,"CurrentSavings":1000,"TargetSavings":1000000,"MonthlyContribution":15000,"CreatedAt":"2025-05-26T06:17:12.2885897Z"},{"Id":"RPT254","CurrentAge":22,"RetirementAge":60,"CurrentSavings":15000,"TargetSavings":1000000,"MonthlyContribution":2000,"CreatedAt":"2025-05-26T12:55:08.5107966Z"}]