[
  {
    "Id": "3fa85f64-5717-4562-b3fc-2c963f66afa6",
    "CurrentAge": 0,
    "RetirementAge": 0,
    "CurrentSavings": 0,
    "TargetSavings": 0,
    "MonthlyContribution": 0,
    "CreatedAt": "2025-04-22T01:35:52.918Z"
  },
  {
    "Id": "3fa85f64-5717-4562-b3fc-2c963f66afa6",
    "CurrentAge": 18,
    "RetirementAge": 60,
    "CurrentSavings": 10000,
    "TargetSavings": 1000000,
    "MonthlyContribution": 5000,
    "CreatedAt": "2025-04-28T05:38:23.441Z"
  },
  {
    "Id": "3fa85f64-5717-4562-b3fc-2c963f66afa6",
    "CurrentAge": 20,
    "RetirementAge": 50,
    "CurrentSavings": 10000,
    "TargetSavings": 1000000,
    "MonthlyContribution": 5000,
    "CreatedAt": "2025-04-28T05:55:44.821Z"
  }
]
