[
  {
    "FullName": "Admin User",
    "Username": "admin@gmail.com",
    "Password": "password",
    "RefreshToken": null,
    "RefreshTokenExpiryTime": "0001-01-01T00:00:00"
  },
  {
    "FullName": "Praveen Kumar",
    "Username": "praveen@gmail.com",
    "Password": "praveenS7@",
    "RefreshToken": null,
    "RefreshTokenExpiryTime": "0001-01-01T00:00:00"
  },
  {
    "FullName": "ashlesh",
    "Username": "ashlesh@gmail.com",
    "Password": "password",
    "RefreshToken": null,
    "RefreshTokenExpiryTime": "0001-01-01T00:00:00"
  },
  {
    "FullName": "Praveen",
    "Username": "anu@gmail.com",
    "Password": "praveenS7@",
    "RefreshToken": null,
    "RefreshTokenExpiryTime": "0001-01-01T00:00:00"
  },
  {
    "FullName": "Praveen",
    "Username": "anupriya@gmail.com",
    "Password": "praveenS7@",
    "RefreshToken": null,
    "RefreshTokenExpiryTime": "0001-01-01T00:00:00"
  },
  {
    "FullName": "Praveen",
    "Username": "anupriya123@gmail.com",
    "Password": "praveenS7@",
    "RefreshToken": null,
    "RefreshTokenExpiryTime": "0001-01-01T00:00:00"
  },
  {
    "FullName": "Nirmala",
    "Username": "nirmala@gmail.com",
    "Password": "praveenS7@",
    "RefreshToken": null,
    "RefreshTokenExpiryTime": "0001-01-01T00:00:00"
  },
  {
    "FullName": "sanjana",
    "Username": "sanjana.mourya19@gmail.com",
    "Password": "Sanjana@22",
    "RefreshToken": null,
    "RefreshTokenExpiryTime": "0001-01-01T00:00:00"
  },
  {
    "FullName": "Nithya r",
    "Username": "nithyaaar10@gmail.com",
    "Password": "Nithya@1234",
    "RefreshToken": null,
    "RefreshTokenExpiryTime": "0001-01-01T00:00:00"
  },
  {
    "FullName": "Nithya ",
    "Username": "nithyamdk@gmail.com",
    "Password": "Nithya@1234",
    "RefreshToken": null,
    "RefreshTokenExpiryTime": "0001-01-01T00:00:00"
  },
  {
    "FullName": "John Doe",
    "Username": "johndoe@gmail.com",
    "Password": "johndoeS779@",
    "RefreshToken": null,
    "RefreshTokenExpiryTime": "0001-01-01T00:00:00"
  },
  {
    "FullName": "Sanjay",
    "Username": "sanjay@gmail.com",
    "Password": "sanjayS779@",
    "RefreshToken": null,
    "RefreshTokenExpiryTime": "0001-01-01T00:00:00"
  }
]